Path;Class
?D:\Class_NN\Class\1\1.jpg;1
?D:\Class_NN\Class\1\2.jpg;1
?D:\Class_NN\Class\1\3.jpg;1
?D:\Class_NN\Class\1\4.jpg;1
?D:\Class_NN\Class\1\5.jpg;1
?D:\Class_NN\Class\1\6.jpg;1
?D:\Class_NN\Class\1\7.jpg;1
?D:\Class_NN\Class\1\8.jpg;1
?D:\Class_NN\Class\1\9.jpg;1
?D:\Class_NN\Class\1\10.jpg;1
?D:\Class_NN\Class\1\11.jpg;1
?D:\Class_NN\Class\1\12.jpg;1
?D:\Class_NN\Class\1\13.jpg;1
?D:\Class_NN\Class\1\14.jpg;1
?D:\Class_NN\Class\1\15.jpg;1
?D:\Class_NN\Class\1\16.jpg;1
?D:\Class_NN\Class\1\17.jpg;1
?D:\Class_NN\Class\1\18.jpg;1
?D:\Class_NN\Class\1\19.jpg;1
?D:\Class_NN\Class\1\20.jpg;1
?D:\Class_NN\Class\1\21.jpg;1
?D:\Class_NN\Class\1\22.jpg;1
?D:\Class_NN\Class\1\23.jpg;1
?D:\Class_NN\Class\1\24.jpg;1
?D:\Class_NN\Class\1\25.jpg;1
?D:\Class_NN\Class\1\26.jpg;1
?D:\Class_NN\Class\1\27.jpg;1
?D:\Class_NN\Class\1\28.jpg;1
?D:\Class_NN\Class\1\29.jpg;1
?D:\Class_NN\Class\1\30.jpg;1
?D:\Class_NN\Class\1\31.jpg;1
?D:\Class_NN\Class\1\32.jpg;1
?D:\Class_NN\Class\1\33.jpg;1
?D:\Class_NN\Class\1\34.jpg;1
?D:\Class_NN\Class\1\35.jpg;1
?D:\Class_NN\Class\1\36.jpg;1
?D:\Class_NN\Class\1\37.jpg;1
?D:\Class_NN\Class\1\38.jpg;1
?D:\Class_NN\Class\1\39.jpg;1
?D:\Class_NN\Class\1\40.jpg;1
?D:\Class_NN\Class\1\41.jpg;1
?D:\Class_NN\Class\1\42.jpg;1
?D:\Class_NN\Class\1\43.jpg;1
?D:\Class_NN\Class\1\44.jpg;1
?D:\Class_NN\Class\1\45.jpg;1
?D:\Class_NN\Class\1\46.jpg;1
?D:\Class_NN\Class\1\47.jpg;1
?D:\Class_NN\Class\1\48.jpg;1
?D:\Class_NN\Class\1\49.jpg;1
?D:\Class_NN\Class\1\50.jpg;1
?D:\Class_NN\Class\2\1.jpg;2
?D:\Class_NN\Class\2\2.jpg;2
?D:\Class_NN\Class\2\3.jpg;2
?D:\Class_NN\Class\2\4.jpg;2
?D:\Class_NN\Class\2\5.jpg;2
?D:\Class_NN\Class\2\6.jpg;2
?D:\Class_NN\Class\2\7.jpg;2
?D:\Class_NN\Class\2\8.jpg;2
?D:\Class_NN\Class\2\9.jpg;2
?D:\Class_NN\Class\2\10.jpg;2
?D:\Class_NN\Class\2\11.jpg;2
?D:\Class_NN\Class\2\12.jpg;2
?D:\Class_NN\Class\2\13.jpg;2
?D:\Class_NN\Class\2\14.jpg;2
?D:\Class_NN\Class\2\15.jpg;2
?D:\Class_NN\Class\2\16.jpg;2
?D:\Class_NN\Class\2\17.jpg;2
?D:\Class_NN\Class\2\18.jpg;2
?D:\Class_NN\Class\2\19.jpg;2
?D:\Class_NN\Class\2\20.jpg;2
?D:\Class_NN\Class\2\21.jpg;2
?D:\Class_NN\Class\2\22.jpg;2
?D:\Class_NN\Class\2\23.jpg;2
?D:\Class_NN\Class\2\24.jpg;2
?D:\Class_NN\Class\2\25.jpg;2
?D:\Class_NN\Class\2\26.jpg;2
?D:\Class_NN\Class\2\27.jpg;2
?D:\Class_NN\Class\2\28.jpg;2
?D:\Class_NN\Class\2\29.jpg;2
?D:\Class_NN\Class\2\30.jpg;2
?D:\Class_NN\Class\2\31.jpg;2
?D:\Class_NN\Class\2\32.jpg;2
?D:\Class_NN\Class\2\33.jpg;2
?D:\Class_NN\Class\2\34.jpg;2
?D:\Class_NN\Class\2\35.jpg;2
?D:\Class_NN\Class\2\36.jpg;2
?D:\Class_NN\Class\2\37.jpg;2
?D:\Class_NN\Class\2\38.jpg;2
?D:\Class_NN\Class\2\39.jpg;2
?D:\Class_NN\Class\2\40.jpg;2
?D:\Class_NN\Class\2\41.jpg;2
?D:\Class_NN\Class\2\42.jpg;2
?D:\Class_NN\Class\2\43.jpg;2
?D:\Class_NN\Class\2\44.jpg;2
?D:\Class_NN\Class\2\45.jpg;2
?D:\Class_NN\Class\2\46.jpg;2
?D:\Class_NN\Class\2\47.jpg;2
?D:\Class_NN\Class\2\48.jpg;2
?D:\Class_NN\Class\2\49.jpg;2
?D:\Class_NN\Class\2\50.jpg;2
?D:\Class_NN\Class\3\1.jpg;3
?D:\Class_NN\Class\3\2.jpg;3
?D:\Class_NN\Class\3\3.jpg;3
?D:\Class_NN\Class\3\4.jpg;3
?D:\Class_NN\Class\3\5.jpg;3
?D:\Class_NN\Class\3\6.jpg;3
?D:\Class_NN\Class\3\7.jpg;3
?D:\Class_NN\Class\3\8.jpg;3
?D:\Class_NN\Class\3\9.jpg;3
?D:\Class_NN\Class\3\10.jpg;3
?D:\Class_NN\Class\3\11.jpg;3
?D:\Class_NN\Class\3\12.jpg;3
?D:\Class_NN\Class\3\13.jpg;3
?D:\Class_NN\Class\3\14.jpg;3
?D:\Class_NN\Class\3\15.jpg;3
?D:\Class_NN\Class\3\16.jpg;3
?D:\Class_NN\Class\3\17.jpg;3
?D:\Class_NN\Class\3\18.jpg;3
?D:\Class_NN\Class\3\19.jpg;3
?D:\Class_NN\Class\3\20.jpg;3
?D:\Class_NN\Class\3\21.jpg;3
?D:\Class_NN\Class\3\22.jpg;3
?D:\Class_NN\Class\3\23.jpg;3
?D:\Class_NN\Class\3\24.jpg;3
?D:\Class_NN\Class\3\25.jpg;3
?D:\Class_NN\Class\3\26.jpg;3
?D:\Class_NN\Class\3\27.jpg;3
?D:\Class_NN\Class\3\28.jpg;3
?D:\Class_NN\Class\3\29.jpg;3
?D:\Class_NN\Class\3\30.jpg;3
?D:\Class_NN\Class\3\31.jpg;3
?D:\Class_NN\Class\3\32.jpg;3
?D:\Class_NN\Class\3\33.jpg;3
?D:\Class_NN\Class\3\34.jpg;3
?D:\Class_NN\Class\3\35.jpg;3
?D:\Class_NN\Class\3\36.jpg;3
?D:\Class_NN\Class\3\37.jpg;3
?D:\Class_NN\Class\3\38.jpg;3
?D:\Class_NN\Class\3\39.jpg;3
?D:\Class_NN\Class\3\40.jpg;3
?D:\Class_NN\Class\3\41.jpg;3
?D:\Class_NN\Class\3\42.jpg;3
?D:\Class_NN\Class\3\43.jpg;3
?D:\Class_NN\Class\3\44.jpg;3
?D:\Class_NN\Class\3\45.jpg;3
?D:\Class_NN\Class\3\46.jpg;3
?D:\Class_NN\Class\3\47.jpg;3
?D:\Class_NN\Class\3\48.jpg;3
?D:\Class_NN\Class\3\49.jpg;3
?D:\Class_NN\Class\3\50.jpg;3
?D:\Class_NN\Class\4\1.jpg;4
?D:\Class_NN\Class\4\2.jpg;4
?D:\Class_NN\Class\4\3.jpg;4
?D:\Class_NN\Class\4\4.jpg;4
?D:\Class_NN\Class\4\5.jpg;4
?D:\Class_NN\Class\4\6.jpg;4
?D:\Class_NN\Class\4\7.jpg;4
?D:\Class_NN\Class\4\8.jpg;4
?D:\Class_NN\Class\4\9.jpg;4
?D:\Class_NN\Class\4\10.jpg;4
?D:\Class_NN\Class\4\11.jpg;4
?D:\Class_NN\Class\4\12.jpg;4
?D:\Class_NN\Class\4\13.jpg;4
?D:\Class_NN\Class\4\14.jpg;4
?D:\Class_NN\Class\4\15.jpg;4
?D:\Class_NN\Class\4\16.jpg;4
?D:\Class_NN\Class\4\17.jpg;4
?D:\Class_NN\Class\4\18.jpg;4
?D:\Class_NN\Class\4\19.jpg;4
?D:\Class_NN\Class\4\20.jpg;4
?D:\Class_NN\Class\4\21.jpg;4
?D:\Class_NN\Class\4\22.jpg;4
?D:\Class_NN\Class\4\23.jpg;4
?D:\Class_NN\Class\4\24.jpg;4
?D:\Class_NN\Class\4\25.jpg;4
?D:\Class_NN\Class\4\26.jpg;4
?D:\Class_NN\Class\4\27.jpg;4
?D:\Class_NN\Class\4\28.jpg;4
?D:\Class_NN\Class\4\29.jpg;4
?D:\Class_NN\Class\4\30.jpg;4
?D:\Class_NN\Class\4\31.jpg;4
?D:\Class_NN\Class\4\32.jpg;4
?D:\Class_NN\Class\4\33.jpg;4
?D:\Class_NN\Class\4\34.jpg;4
?D:\Class_NN\Class\4\35.jpg;4
?D:\Class_NN\Class\4\36.jpg;4
?D:\Class_NN\Class\4\37.jpg;4
?D:\Class_NN\Class\4\38.jpg;4
?D:\Class_NN\Class\4\39.jpg;4
?D:\Class_NN\Class\4\40.jpg;4
?D:\Class_NN\Class\4\41.jpg;4
?D:\Class_NN\Class\4\42.jpg;4
?D:\Class_NN\Class\4\43.jpg;4
?D:\Class_NN\Class\4\44.jpg;4
?D:\Class_NN\Class\4\45.jpg;4
?D:\Class_NN\Class\4\46.jpg;4
?D:\Class_NN\Class\4\47.jpg;4
?D:\Class_NN\Class\4\48.jpg;4
?D:\Class_NN\Class\4\49.jpg;4
?D:\Class_NN\Class\4\50.jpg;4
